sep=;
zaman;durum;Mode;Status;Alarm;EMG;MainProg;CurProg;CurSeq;ActSpindle_rpm;ActFeed_mm_dk;OvSpindle_yuzde;OvFeed_yuzde;Parca;GerekenParca;ToplamParca;PowerOnTime_sn;AccumCutTime_sn;CycleTime_sn;WorkTime_sn;AlarmVar;AlarmMesaj
2026-09-18 16:35:39;RUNNING;AUTO;START;****;****;140100187;140100187;4;2000;199,978;100;100;1298;0;11400;13261;1751927;15;1088268;hayir;
2026-09-18 16:35:40;RUNNING;AUTO;START;****;****;140100187;140100187;4;2000;199,989;100;100;1298;0;11400;13262;1751928;16;1088269;hayir;
2026-09-18 16:35:41;RUNNING;AUTO;START;****;****;140100187;140100187;4;613;8725,797;100;100;1298;0;11400;13263;1751929;18;1088270;hayir;
2026-09-18 16:35:42;RUNNING;AUTO;START;****;****;140100187;140100187;4;600;9038,982;100;100;1298;0;11400;13264;1751930;19;1088271;hayir;
2026-09-18 16:35:43;RUNNING;AUTO;START;****;****;140100187;140100187;4;2000;199,933;100;100;1298;0;11400;13265;1751931;20;1088272;hayir;
2026-09-18 16:35:45;RUNNING;AUTO;START;****;****;140100187;140100187;4;2000;11577,55;100;100;1298;0;11400;13266;1751932;21;1088273;hayir;
2026-09-18 16:35:46;RUNNING;AUTO;START;****;****;140100187;140100187;5;2000;0;100;100;1298;0;11400;13268;1751934;22;1088275;hayir;
2026-09-18 16:35:47;RUNNING;AUTO;START;****;****;140100187;140100187;5;2000;0;100;100;1298;0;11400;13269;1751935;23;1088276;hayir;
2026-09-18 16:35:48;RUNNING;AUTO;START;****;****;140100187;140100187;5;2000;100;100;100;1298;0;11400;13270;1751936;25;1088277;hayir;
2026-09-18 16:35:49;RUNNING;AUTO;START;****;****;140100187;140100187;5;2000;100;100;100;1298;0;11400;13271;1751937;26;1088278;hayir;
2026-09-18 16:35:50;RUNNING;AUTO;START;****;****;140100187;140100187;5;1409;0;100;100;1299;0;11401;13272;1751938;0;1088279;hayir;
2026-09-18 16:35:52;RUNNING;AUTO;START;****;****;140100187;140100187;5;1400;0;100;100;1299;0;11401;13274;1751940;1;1088280;hayir;
2026-09-18 16:35:53;RUNNING;AUTO;START;****;****;140100187;140100187;4;2000;239,92;100;100;1299;0;11401;13275;1751941;2;1088282;hayir;
2026-09-18 16:35:54;RUNNING;AUTO;START;****;****;140100187;140100187;4;2000;140;100;100;1299;0;11401;13276;1751942;4;1088283;hayir;
2026-09-18 16:35:55;RUNNING;AUTO;START;****;****;140100187;140100187;4;2000;200;100;100;1299;0;11401;13277;1751943;5;1088284;hayir;
2026-09-18 16:35:56;RUNNING;AUTO;START;****;****;140100187;140100187;4;2000;240;100;100;1299;0;11401;13278;1751944;6;1088285;hayir;
2026-09-18 16:35:57;RUNNING;AUTO;START;****;****;140100187;140100187;4;2000;240;100;100;1299;0;11401;13279;1751945;7;1088286;hayir;
2026-09-18 16:35:59;RUNNING;AUTO;START;****;****;140100187;140100187;4;2000;11575;100;100;1299;0;11401;13280;1751946;8;1088287;hayir;
2026-09-18 16:36:00;RUNNING;AUTO;START;****;****;140100187;140100187;4;2000;0;100;100;1299;0;11401;13282;1751948;9;1088289;hayir;
2026-09-18 16:36:01;RUNNING;AUTO;START;****;****;140100187;140100187;4;2000;0;100;100;1299;0;11401;13283;1751949;10;1088290;hayir;
2026-09-18 16:36:02;RUNNING;AUTO;START;****;****;140100187;140100187;4;802;0;100;100;1299;0;11401;13284;1751950;12;1088291;hayir;
2026-09-18 16:36:03;RUNNING;AUTO;START;****;****;140100187;140100187;4;600;5212,445;100;100;1299;0;11401;13285;1751951;13;1088292;hayir;
2026-09-18 16:36:04;RUNNING;AUTO;START;****;****;140100187;140100187;4;600;10137,55;100;100;1299;0;11401;13286;1751952;14;1088293;hayir;
2026-09-18 16:36:06;RUNNING;AUTO;START;****;****;140100187;140100187;4;1999;199,933;100;100;1299;0;11401;13287;1751953;15;1088294;hayir;
2026-09-18 16:36:07;RUNNING;AUTO;START;****;****;140100187;140100187;4;2000;199,989;100;100;1299;0;11401;13289;1751955;16;1088296;hayir;
2026-09-18 16:36:08;RUNNING;AUTO;START;****;****;140100187;140100187;4;675;11696,32;100;100;1299;0;11401;13290;1751956;17;1088297;hayir;
2026-09-18 16:36:09;RUNNING;AUTO;START;****;****;140100187;140100187;4;600;6537,551;100;100;1299;0;11401;13291;1751957;19;1088298;hayir;
2026-09-18 16:36:10;RUNNING;AUTO;START;****;****;140100187;140100187;4;1999;199,911;100;100;1299;0;11401;13292;1751958;20;1088299;hayir;
2026-09-18 16:36:11;RUNNING;AUTO;START;****;****;140100187;140100187;4;2000;3657,551;100;100;1299;0;11401;13293;1751959;21;1088300;hayir;
2026-09-18 16:36:12;RUNNING;AUTO;START;****;****;140100187;140100187;5;2000;8975,148;100;100;1299;0;11401;13294;1751960;22;1088301;hayir;
2026-09-18 16:36:14;RUNNING;AUTO;START;****;****;140100187;140100187;5;2000;0;100;100;1299;0;11401;13296;1751962;23;1088303;hayir;
2026-09-18 16:36:15;RUNNING;AUTO;START;****;****;140100187;140100187;5;2000;100;100;100;1299;0;11401;13297;1751963;25;1088304;hayir;
2026-09-18 16:36:16;RUNNING;AUTO;START;****;****;140100187;140100187;5;2000;100;100;100;1299;0;11401;13298;1751964;26;1088305;hayir;
2026-09-18 16:36:17;RUNNING;AUTO;START;****;****;140100187;140100187;5;1446;2501,743;100;100;1300;0;11402;13299;1751965;0;1088306;hayir;
2026-09-18 16:36:18;RUNNING;AUTO;START;****;****;140100187;140100187;5;1400;0;100;100;1300;0;11402;13300;1751966;1;1088307;hayir;
2026-09-18 16:36:19;RUNNING;AUTO;START;****;****;140100187;140100187;4;2000;239,987;100;100;1300;0;11402;13301;1751967;2;1088308;hayir;
2026-09-18 16:36:21;RUNNING;AUTO;START;****;****;140100187;140100187;4;2000;140;100;100;1300;0;11402;13303;1751969;3;1088310;hayir;
2026-09-18 16:36:22;RUNNING;AUTO;START;****;****;140100187;140100187;4;2000;199,933;100;100;1300;0;11402;13304;1751970;5;1088311;hayir;
2026-09-18 16:36:23;RUNNING;AUTO;START;****;****;140100187;140100187;4;2000;240;100;100;1300;0;11402;13305;1751971;6;1088312;hayir;
2026-09-18 16:36:24;RUNNING;AUTO;START;****;****;140100187;140100187;4;2000;240,013;100;100;1300;0;11402;13306;1751972;7;1088313;hayir;
2026-09-18 16:36:25;RUNNING;AUTO;START;****;****;140100187;140100187;4;2000;11164,63;100;100;1300;0;11402;13307;1751973;8;1088314;hayir;
2026-09-18 16:36:26;RUNNING;AUTO;START;****;****;140100187;140100187;4;2000;0;100;100;1300;0;11402;13308;1751974;9;1088315;hayir;
2026-09-18 16:36:28;RUNNING;AUTO;START;****;****;140100187;140100187;4;2000;0;100;100;1300;0;11402;13310;1751976;10;1088317;hayir;
2026-09-18 16:36:29;RUNNING;AUTO;START;****;****;140100187;140100187;4;762;0;100;100;1300;0;11402;13311;1751977;12;1088318;hayir;
2026-09-18 16:36:30;RUNNING;AUTO;START;****;****;140100187;140100187;4;600;896,973;100;100;1300;0;11402;13312;1751978;13;1088319;hayir;
2026-09-18 16:36:31;RUNNING;AUTO;START;****;****;140100187;140100187;4;600;0;100;100;1300;0;11402;13313;1751979;14;1088320;hayir;
2026-09-18 16:36:32;RUNNING;AUTO;START;****;****;140100187;140100187;4;1998;225,715;100;100;1300;0;11402;13314;1751980;15;1088321;hayir;
2026-09-18 16:36:33;RUNNING;AUTO;START;****;****;140100187;140100187;4;2000;200;100;100;1300;0;11402;13315;1751981;16;1088322;hayir;
2026-09-18 16:36:35;RUNNING;AUTO;START;****;****;140100187;140100187;4;995;4743,074;100;100;1300;0;11402;13316;1751982;17;1088323;hayir;
2026-09-18 16:36:36;RUNNING;AUTO;START;****;****;140100187;140100187;4;600;3412,445;100;100;1300;0;11402;13318;1751984;19;1088325;hayir;
2026-09-18 16:36:37;RUNNING;AUTO;START;****;****;140100187;140100187;4;1995;399,2;100;100;1300;0;11402;13319;1751985;20;1088326;hayir;
2026-09-18 16:36:38;RUNNING;AUTO;START;****;****;140100187;140100187;4;2000;0;100;100;1300;0;11402;13320;1751986;21;1088327;hayir;
2026-09-18 16:36:39;RUNNING;AUTO;START;****;****;140100187;140100187;5;2000;1862,533;100;100;1300;0;11402;13321;1751987;22;1088328;hayir;
2026-09-18 16:36:40;RUNNING;AUTO;START;****;****;140100187;140100187;5;2000;240;100;100;1300;0;11402;13322;1751988;23;1088329;hayir;
2026-09-18 16:36:42;RUNNING;AUTO;START;****;****;140100187;140100187;5;2000;0;100;100;1300;0;11402;13324;1751990;24;1088330;hayir;
2026-09-18 16:36:43;RUNNING;AUTO;START;****;****;140100187;140100187;5;2000;99,994;100;100;1300;0;11402;13325;1751991;26;1088332;hayir;
2026-09-18 16:36:44;RUNNING;AUTO;START;****;****;140100187;140100187;5;1743;16979,33;100;100;1301;0;11403;13326;1751992;0;1088333;hayir;
2026-09-18 16:36:45;RUNNING;AUTO;START;****;****;140100187;140100187;5;1400;0;100;100;1301;0;11403;13327;1751993;1;1088334;hayir;
2026-09-18 16:36:46;RUNNING;AUTO;START;****;****;140100187;140100187;4;1999;284,693;100;100;1301;0;11403;13328;1751994;2;1088335;hayir;
2026-09-18 16:36:47;RUNNING;AUTO;START;****;****;140100187;140100187;4;2000;139,992;100;100;1301;0;11403;13329;1751995;3;1088336;hayir;
2026-09-18 16:36:49;RUNNING;AUTO;START;****;****;140100187;140100187;4;2000;199,933;100;100;1301;0;11403;13330;1751996;4;1088337;hayir;
2026-09-18 16:36:50;RUNNING;AUTO;START;****;****;140100187;140100187;4;2000;240;100;100;1301;0;11403;13332;1751998;6;1088339;hayir;
2026-09-18 16:36:51;RUNNING;AUTO;START;****;****;140100187;140100187;4;2000;240;100;100;1301;0;11403;13333;1751999;7;1088340;hayir;
2026-09-18 16:36:52;RUNNING;AUTO;START;****;****;140100187;140100187;4;2000;4004,458;100;100;1301;0;11403;13334;1752000;8;1088341;hayir;
2026-09-18 16:36:53;RUNNING;AUTO;START;****;****;140100187;140100187;4;2000;0;100;100;1301;0;11403;13335;1752001;9;1088342;hayir;
2026-09-18 16:36:54;RUNNING;AUTO;START;****;****;140100187;140100187;4;2000;0;100;100;1301;0;11403;13336;1752002;10;1088343;hayir;
2026-09-18 16:36:56;RUNNING;AUTO;START;****;****;140100187;140100187;4;1213;0;100;100;1301;0;11403;13337;1752003;12;1088344;hayir;
2026-09-18 16:36:57;RUNNING;AUTO;START;****;****;140100187;140100187;4;600;762,016;100;100;1301;0;11403;13339;1752005;13;1088346;hayir;
2026-09-18 16:36:58;RUNNING;AUTO;START;****;****;140100187;140100187;4;600;3412,445;100;100;1301;0;11403;13340;1752006;14;1088347;hayir;
2026-09-18 16:36:59;RUNNING;AUTO;START;****;****;140100187;140100187;4;1999;262,516;100;100;1301;0;11403;13341;1752007;15;1088348;hayir;
2026-09-18 16:37:00;RUNNING;AUTO;START;****;****;140100187;140100187;4;2000;200,011;100;100;1301;0;11403;13342;1752008;16;1088349;hayir;
2026-09-18 16:37:01;RUNNING;AUTO;START;****;****;140100187;140100187;4;943;2583,074;100;100;1301;0;11403;13343;1752009;17;1088350;hayir;
2026-09-18 16:37:03;RUNNING;AUTO;START;****;****;140100187;140100187;4;600;5212,445;100;100;1301;0;11403;13345;1752011;19;1088351;hayir;
2026-09-18 16:37:04;RUNNING;AUTO;START;****;****;140100187;140100187;4;1996;399,2;100;100;1301;0;11403;13346;1752012;20;1088353;hayir;
2026-09-18 16:37:05;RUNNING;AUTO;START;****;****;140100187;140100187;4;2000;777,551;100;100;1301;0;11403;13347;1752013;21;1088354;hayir;
2026-09-18 16:37:06;RUNNING;AUTO;START;****;****;140100187;140100187;5;2000;2223,498;100;100;1301;0;11403;13348;1752014;22;1088355;hayir;
2026-09-18 16:37:07;RUNNING;AUTO;START;****;****;140100187;140100187;5;2000;239,987;100;100;1301;0;11403;13349;1752015;23;1088356;hayir;
2026-09-18 16:37:08;RUNNING;AUTO;START;****;****;140100187;140100187;5;2000;0;100;100;1301;0;11403;13350;1752016;24;1088357;hayir;
2026-09-18 16:37:10;RUNNING;AUTO;START;****;****;140100187;140100187;5;2000;100;100;100;1301;0;11403;13351;1752017;25;1088358;hayir;
2026-09-18 16:37:11;RUNNING;AUTO;START;****;****;140100187;140100187;5;1698;18057,39;100;100;1302;0;11404;13353;1752019;0;1088360;hayir;
2026-09-18 16:37:12;RUNNING;AUTO;START;****;****;140100187;140100187;5;1400;0;100;100;1302;0;11404;13354;1752020;1;1088361;hayir;
2026-09-18 16:37:13;RUNNING;AUTO;START;****;****;140100187;140100187;4;2000;380,389;100;100;1302;0;11404;13355;1752021;2;1088362;hayir;
2026-09-18 16:37:14;RUNNING;AUTO;START;****;****;140100187;140100187;4;2000;140;100;100;1302;0;11404;13356;1752022;3;1088363;hayir;
2026-09-18 16:37:15;RUNNING;AUTO;START;****;****;140100187;140100187;4;2000;200;100;100;1302;0;11404;13357;1752023;5;1088364;hayir;
2026-09-18 16:37:17;RUNNING;AUTO;START;****;****;140100187;140100187;4;2000;239,987;100;100;1302;0;11404;13358;1752024;6;1088365;hayir;
2026-09-18 16:37:18;RUNNING;AUTO;START;****;****;140100187;140100187;4;2000;240;100;100;1302;0;11404;13360;1752026;7;1088367;hayir;
2026-09-18 16:37:19;RUNNING;AUTO;START;****;****;140100187;140100187;4;2000;2938,139;100;100;1302;0;11404;13361;1752027;8;1088368;hayir;
2026-09-18 16:37:20;RUNNING;AUTO;START;****;****;140100187;140100187;4;2000;0;100;100;1302;0;11404;13362;1752028;9;1088369;hayir;
2026-09-18 16:37:21;RUNNING;AUTO;START;****;****;140100187;140100187;4;2000;0;100;100;1302;0;11404;13363;1752029;10;1088370;hayir;
2026-09-18 16:37:22;RUNNING;AUTO;START;****;****;140100187;140100187;4;1159;0;100;100;1302;0;11404;13364;1752030;12;1088371;hayir;
2026-09-18 16:37:24;RUNNING;AUTO;START;****;****;140100187;140100187;4;600;2925,545;100;100;1302;0;11404;13365;1752031;13;1088372;hayir;
2026-09-18 16:37:25;RUNNING;AUTO;START;****;****;140100187;140100187;4;600;1972,445;100;100;1302;0;11404;13367;1752033;14;1088374;hayir;
2026-09-18 16:37:26;RUNNING;AUTO;START;****;****;140100187;140100187;4;1998;262,486;100;100;1302;0;11404;13368;1752034;15;1088375;hayir;
2026-09-18 16:37:27;RUNNING;AUTO;START;****;****;140100187;140100187;4;2000;199,989;100;100;1302;0;11404;13369;1752035;16;1088376;hayir;
2026-09-18 16:37:28;RUNNING;AUTO;START;****;****;140100187;140100187;4;728;91,908;100;100;1302;0;11404;13370;1752036;17;1088377;hayir;
2026-09-18 16:37:29;RUNNING;AUTO;START;****;****;140100187;140100187;4;600;0;100;100;1302;0;11404;13371;1752037;19;1088378;hayir;
2026-09-18 16:37:31;RUNNING;AUTO;START;****;****;140100187;140100187;4;1996;399,467;100;100;1302;0;11404;13373;1752039;20;1088379;hayir;
2026-09-18 16:37:32;RUNNING;AUTO;START;****;****;140100187;140100187;4;2000;2217,551;100;100;1302;0;11404;13374;1752040;21;1088381;hayir;
2026-09-18 16:37:33;RUNNING;AUTO;START;****;****;140100187;140100187;5;2000;2584,464;100;100;1302;0;11404;13375;1752041;22;1088382;hayir;
2026-09-18 16:37:34;RUNNING;AUTO;START;****;****;140100187;140100187;5;2000;240;100;100;1302;0;11404;13376;1752042;23;1088383;hayir;
2026-09-18 16:37:35;RUNNING;AUTO;START;****;****;140100187;140100187;5;2000;0;100;100;1302;0;11404;13377;1752043;24;1088384;hayir;
2026-09-18 16:37:36;RUNNING;AUTO;START;****;****;140100187;140100187;5;2000;100;100;100;1302;0;11404;13378;1752044;25;1088385;hayir;
2026-09-18 16:37:38;RUNNING;AUTO;START;****;****;140100187;140100187;5;1483;14382,99;100;100;1303;0;11405;13379;1752045;0;1088386;hayir;
2026-09-18 16:37:39;RUNNING;AUTO;START;****;****;140100187;140100187;5;1400;0;100;100;1303;0;11405;13381;1752047;1;1088388;hayir;
